{"orderbooks":[{"baseAssest":"TATA","bids":[],"asks":[],"lastTradeId":205,"currentPrice":0}],"balances":[["1",{"INR":{"available":9999629620.44,"locked":272542.95999999985},"TATA":{"available":100000178,"locked":-117}}],["2",{"INR":{"available":100000000,"locked":0},"TATA":{"available":100000000000,"locked":0}}],["5",{"INR":{"available":107251.29999999999,"locked":90585.29999999989},"TATA":{"available":85895,"locked":14044}}]]}